{
  "IcoMoonType": "selection",
  "icons": [
    {
      "icon": {
        "paths": [
          "M716.8 793.6v-179.2h-665.6v-204.8h665.6v-179.2l268.8 281.6-268.8 281.6z"
        ],
        "attrs": [],
        "isMulticolor": false,
        "isMulticolor2": false,
        "tags": [
          "arrow-long-right"
        ],
        "grid": 20
      },
      "attrs": [],
      "properties": {
        "id": 24,
        "order": 32,
        "prevSize": 20,
        "name": "arrow-long-right"
      },
      "setIdx": 0,
      "setId": 2,
      "iconIdx": 23
    },
    {
      "icon": {
        "paths": [
          "M711.219 891.802c13.722 13.926 13.722 36.301 0 50.125s-35.891 13.875-49.613 0l-400.896-404.89c-13.722-13.824-13.722-36.198 0-50.125l400.896-404.89c13.722-13.824 35.891-13.824 49.613 0 13.722 13.875 13.722 36.301 0 50.125l-365.619 379.853 365.619 379.802z"
        ],
        "attrs": [],
        "isMulticolor": false,
        "isMulticolor2": false,
        "tags": [
          "chevron-thin-left"
        ],
        "grid": 20
      },
      "attrs": [],
      "properties": {
        "id": 42,
        "order": 14,
        "prevSize": 20,
        "name": "chevron-thin-left"
      },
      "setIdx": 0,
      "setId": 2,
      "iconIdx": 41
    },
    {
      "icon": {
        "paths": [
          "M678.4 512l-365.619-379.904c-13.722-13.824-13.722-36.198 0-50.125 13.722-13.824 35.891-13.824 49.613 0l400.896 404.89c13.722 13.875 13.722 36.301 0 50.125l-400.896 404.89c-13.722 13.875-35.891 13.824-49.613 0-13.722-13.773-13.722-36.198 0-50.125l365.619-379.75z"
        ],
        "attrs": [],
        "isMulticolor": false,
        "isMulticolor2": false,
        "tags": [
          "chevron-thin-right"
        ],
        "grid": 20
      },
      "attrs": [],
      "properties": {
        "id": 43,
        "order": 15,
        "prevSize": 20,
        "name": "chevron-thin-right"
      },
      "setIdx": 0,
      "setId": 2,
      "iconIdx": 42
    },
    {
      "icon": {
        "paths": [
          "M956.006 563.2h-85.606v307.2c0 22.784-9.933 51.2-51.2 51.2h-204.8v-307.2h-204.8v307.2h-204.8c-41.267 0-51.2-28.416-51.2-51.2v-307.2h-85.606c-30.618 0-24.064-16.589-3.072-38.298l410.829-411.238c9.984-10.342 23.091-15.462 36.25-15.974 13.158 0.512 26.266 5.581 36.25 15.974l410.778 411.187c21.043 21.76 27.597 38.349-3.021 38.349z"
        ],
        "attrs": [],
        "isMulticolor": false,
        "isMulticolor2": false,
        "tags": [
          "home"
        ],
        "grid": 20
      },
      "attrs": [],
      "properties": {
        "id": 185,
        "order": 16,
        "prevSize": 20,
        "name": "home"
      },
      "setIdx": 0,
      "setId": 2,
      "iconIdx": 184
    },
    {
      "icon": {
        "paths": [
          "M512 20.48c-271.514 0-491.571 220.058-491.571 491.52 0 271.514 220.058 491.571 491.571 491.571 271.411 0 491.52-220.058 491.52-491.571 0-271.462-220.109-491.52-491.52-491.52zM557.875 197.939c47.923 0 62.003 27.802 62.003 59.597 0 39.68-31.744 76.39-85.965 76.39-45.363 0-66.97-22.784-65.638-60.518 0-31.795 26.573-75.469 89.6-75.469zM435.098 806.4c-32.768 0-56.678-19.917-33.792-107.213l37.53-154.88c6.502-24.781 7.578-34.714 0-34.714-9.779 0-52.326 17.101-77.414 33.997l-16.333-26.778c79.616-66.509 171.162-105.523 210.33-105.523 32.768 0 38.195 38.707 21.862 98.304l-43.008 162.816c-7.629 28.774-4.352 38.707 3.277 38.707 9.83 0 41.984-11.878 73.626-36.813l18.534 24.883c-77.466 77.414-161.894 107.213-194.611 107.213z"
        ],
        "attrs": [],
        "isMulticolor": false,
        "isMulticolor2": false,
        "tags": [
          "info-with-circle"
        ],
        "grid": 20
      },
      "attrs": [],
      "properties": {
        "id": 192,
        "order": 17,
        "prevSize": 20,
        "name": "info-with-circle"
      },
      "setIdx": 0,
      "setId": 2,
      "iconIdx": 191
    },
    {
      "icon": {
        "paths": [
          "M636.518 0c68.608 0 102.912 46.694 102.912 100.198 0 66.816-59.597 128.614-137.165 128.614-64.973 0-102.861-38.4-101.069-101.888 0-53.402 45.107-126.925 135.322-126.925zM425.421 1024c-54.17 0-93.85-33.382-55.962-180.429l62.157-260.71c10.803-41.677 12.595-58.419 0-58.419-16.23 0-86.477 28.774-128.102 57.19l-27.034-45.056c131.686-111.923 283.187-177.51 348.211-177.51 54.118 0 63.13 65.178 36.096 165.376l-71.219 274.022c-12.595 48.384-7.219 65.075 5.427 65.075 16.23 0 69.478-20.070 121.805-61.798l30.72 41.677c-128.102 130.406-268.032 180.582-322.099 180.582z"
        ],
        "attrs": [],
        "isMulticolor": false,
        "isMulticolor2": false,
        "tags": [
          "info"
        ],
        "grid": 20
      },
      "attrs": [],
      "properties": {
        "id": 193,
        "order": 18,
        "prevSize": 20,
        "name": "info"
      },
      "setIdx": 0,
      "setId": 2,
      "iconIdx": 192
    },
    {
      "icon": {
        "paths": [
          "M512 102.861c-141.414 0-256 114.125-256 255.488 0 244.429 256 563.2 256 563.2s256-318.822 256-563.2c0-141.312-114.586-255.488-256-255.488zM512 499.712c-76.39 0-138.24-61.901-138.24-138.24s61.85-138.24 138.24-138.24c76.288 0 138.189 61.901 138.189 138.24s-61.901 138.24-138.189 138.24z"
        ],
        "attrs": [],
        "isMulticolor": false,
        "isMulticolor2": false,
        "tags": [
          "location-pin"
        ],
        "grid": 20
      },
      "attrs": [],
      "properties": {
        "id": 210,
        "order": 20,
        "prevSize": 20,
        "name": "location-pin"
      },
      "setIdx": 0,
      "setId": 2,
      "iconIdx": 209
    },
    {
      "icon": {
        "paths": [
          "M898.304 791.91l-193.485-193.485c29.184-47.872 45.978-104.192 45.978-164.352 0-174.95-151.603-326.502-326.554-326.502-174.95-0.051-316.723 141.773-316.723 316.723 0 174.899 151.603 326.502 326.502 326.502 58.214 0 112.64-15.821 159.488-43.213l194.509 194.611c19.046 18.995 49.92 18.995 68.915 0l48.282-48.282c18.995-18.995 12.083-43.008-6.912-62.003zM205.005 424.294c0-121.139 98.15-219.29 219.238-219.29 121.139 0 229.069 107.878 229.069 229.069 0 121.088-98.202 219.29-219.29 219.29-121.139-0.051-229.018-107.981-229.018-229.069z"
        ],
        "attrs": [],
        "isMulticolor": false,
        "isMulticolor2": false,
        "tags": [
          "magnifying-glass"
        ],
        "grid": 20
      },
      "attrs": [],
      "properties": {
        "id": 218,
        "order": 22,
        "prevSize": 20,
        "name": "magnifying-glass"
      },
      "setIdx": 0,
      "setId": 2,
      "iconIdx": 217
    },
    {
      "icon": {
        "paths": [
          "M921.6 307.2v358.4c0 56.32-46.080 102.4-102.4 102.4h-204.8v153.6l-204.8-153.6h-204.8c-56.371 0-102.4-46.080-102.4-102.4v-358.4c0-56.32 46.029-102.4 102.4-102.4h614.4c56.32 0 102.4 46.080 102.4 102.4z"
        ],
        "attrs": [],
        "isMulticolor": false,
        "isMulticolor2": false,
        "tags": [
          "message"
        ],
        "grid": 20
      },
      "attrs": [],
      "properties": {
        "id": 226,
        "order": 21,
        "prevSize": 20,
        "name": "message"
      },
      "setIdx": 0,
      "setId": 2,
      "iconIdx": 225
    },
    {
      "icon": {
        "paths": [
          "M883.507 627.354c-4.915-34.15-31.283-60.774-65.229-68.71-131.942-30.925-165.018-106.906-170.598-191.181-23.398-4.352-65.024-9.062-135.68-9.062s-112.282 4.71-135.68 9.062c-5.581 84.275-38.656 160.256-170.598 191.181-33.946 7.987-60.314 34.56-65.229 68.71l-25.446 176.23c-8.96 62.054 36.608 118.016 99.994 118.016h593.92c63.334 0 108.954-55.962 99.994-118.016l-25.446-176.23zM512 793.19c-71.424 0-129.331-57.344-129.331-128s57.907-128 129.331-128 129.331 57.344 129.331 128-57.958 128-129.331 128zM1021.44 307.2c-1.229-76.8-196.71-204.749-509.44-204.8-312.781 0.051-508.262 128-509.44 204.8s1.075 176.742 129.792 160.102c150.579-19.507 141.312-72.090 141.312-147.251 0-52.429 122.47-65.075 238.336-65.075s238.285 12.646 238.336 65.075c0 75.162-9.267 127.744 141.312 147.251 128.666 16.64 130.97-83.302 129.792-160.102z"
        ],
        "attrs": [],
        "isMulticolor": false,
        "isMulticolor2": false,
        "tags": [
          "old-phone"
        ],
        "grid": 20
      },
      "attrs": [],
      "properties": {
        "id": 241,
        "order": 23,
        "prevSize": 20,
        "name": "old-phone"
      },
      "setIdx": 0,
      "setId": 2,
      "iconIdx": 240
    },
    {
      "icon": {
        "paths": [
          "M574.925 574.925c-81.050 80.998-174.95 158.515-212.070 121.395-53.094-53.094-85.862-99.379-203.008-5.222-117.094 94.106-27.136 156.877 24.32 208.282 59.392 59.392 280.781 3.174 499.61-215.603 218.778-218.829 274.842-440.218 215.398-499.61-51.456-51.507-113.92-141.414-208.026-24.32-94.157 117.094-47.923 149.862 5.274 203.008 36.966 37.12-40.499 131.021-121.498 212.070z"
        ],
        "attrs": [],
        "isMulticolor": false,
        "isMulticolor2": false,
        "tags": [
          "phone"
        ],
        "grid": 20
      },
      "attrs": [],
      "properties": {
        "id": 245,
        "order": 24,
        "prevSize": 20,
        "name": "phone"
      },
      "setIdx": 0,
      "setId": 2,
      "iconIdx": 244
    },
    {
      "icon": {
        "paths": [
          "M665.6 870.4c0 56.525 45.773 102.4 102.4 102.4 56.525 0 102.4-45.875 102.4-102.4 0-56.627-45.875-102.4-102.4-102.4-56.627 0-102.4 45.773-102.4 102.4zM153.6 870.4c0 56.525 45.824 102.4 102.4 102.4 56.474 0 102.4-45.875 102.4-102.4 0-56.627-45.926-102.4-102.4-102.4-56.576 0-102.4 45.773-102.4 102.4zM335.206 623.206l566.682-161.894c10.803-3.123 19.712-14.797 19.712-26.112v-281.6h-716.8v-81.92c0-11.264-9.267-20.48-20.429-20.48h-163.942c-11.213 0-20.429 9.216-20.429 20.48v81.92h102.4l97.792 458.598 4.608 48.282v84.429c0 11.213 9.216 20.48 20.48 20.48h675.84c11.264 0 20.48-9.318 20.48-20.48v-79.309h-575.898c-58.88 0-60.109-28.211-10.496-42.394z"
        ],
        "attrs": [],
        "isMulticolor": false,
        "isMulticolor2": false,
        "tags": [
          "shopping-cart"
        ],
        "grid": 20
      },
      "attrs": [],
      "properties": {
        "id": 276,
        "order": 19,
        "prevSize": 20,
        "name": "shopping-cart"
      },
      "setIdx": 0,
      "setId": 2,
      "iconIdx": 275
    },
    {
      "icon": {
        "paths": [
          "M870.4 51.2h-716.8c-56.32 0-102.4 46.080-102.4 102.4v716.8c0 56.371 46.080 102.4 102.4 102.4h358.4v-358.4h-102.4v-126.72h102.4v-104.96c0-110.797 62.054-188.621 192.819-188.621l92.314 0.102v133.376h-61.286c-50.893 0-70.246 38.195-70.246 73.626v86.528h131.482l-29.082 126.669h-102.4v358.4h204.8c56.32 0 102.4-46.029 102.4-102.4v-716.8c0-56.32-46.080-102.4-102.4-102.4z"
        ],
        "attrs": [],
        "isMulticolor": false,
        "isMulticolor2": false,
        "tags": [
          "facebook"
        ],
        "grid": 20
      },
      "attrs": [],
      "properties": {
        "id": 360,
        "order": 25,
        "prevSize": 20,
        "name": "facebook"
      },
      "setIdx": 0,
      "setId": 2,
      "iconIdx": 359
    },
    {
      "icon": {
        "paths": [
          "M665.6 512c0 84.838-68.762 153.6-153.6 153.6s-153.6-68.762-153.6-153.6c0-8.755 0.922-17.306 2.509-25.6h-53.709v204.646c0 14.234 11.52 25.754 25.754 25.754h358.144c14.182 0 25.702-11.52 25.702-25.754v-204.646h-53.709c1.587 8.294 2.509 16.845 2.509 25.6zM512 614.4c56.525 0 102.4-45.875 102.4-102.4s-45.875-102.4-102.4-102.4-102.4 45.875-102.4 102.4 45.875 102.4 102.4 102.4zM634.88 404.48h61.389c8.499 0 15.411-6.912 15.411-15.36v-61.389c0-8.499-6.912-15.411-15.411-15.411h-61.389c-8.499 0-15.411 6.912-15.411 15.411v61.389c0.051 8.448 6.963 15.36 15.411 15.36zM512 20.48c-271.462 0-491.52 220.058-491.52 491.52s220.058 491.52 491.52 491.52c271.462 0 491.52-220.058 491.52-491.52s-220.058-491.52-491.52-491.52zM768 711.117c0 31.283-25.6 56.883-56.883 56.883h-398.234c-31.283 0-56.883-25.6-56.883-56.883v-398.234c0-31.283 25.6-56.883 56.883-56.883h398.234c31.283 0 56.883 25.6 56.883 56.883v398.234z"
        ],
        "attrs": [],
        "isMulticolor": false,
        "isMulticolor2": false,
        "tags": [
          "instagram-with-circle"
        ],
        "grid": 20
      },
      "attrs": [],
      "properties": {
        "id": 367,
        "order": 28,
        "prevSize": 20,
        "name": "instagram-with-circle"
      },
      "setIdx": 0,
      "setId": 2,
      "iconIdx": 366
    },
    {
      "icon": {
        "paths": [
          "M870.4 51.2h-716.8c-56.32 0-102.4 46.080-102.4 102.4v716.8c0 56.371 46.080 102.4 102.4 102.4h716.8c56.32 0 102.4-46.029 102.4-102.4v-716.8c0-56.32-46.080-102.4-102.4-102.4zM511.181 794.778c156.621 0 283.546-127.027 283.546-283.597 0-17.306-2.202-33.997-5.274-50.381h80.947v369.459c0 19.558-15.872 35.328-35.482 35.328h-645.837c-19.61-0-35.482-15.77-35.482-35.328v-369.459h79.309c-3.123 16.384-5.325 33.075-5.325 50.381 0 156.621 127.027 283.597 283.597 283.597zM333.978 511.181c0-97.894 79.36-177.203 177.254-177.203 97.843 0 177.254 79.309 177.254 177.203s-79.411 177.254-177.254 177.254c-97.946 0-177.254-79.36-177.254-177.254zM834.918 307.2h-82.688c-19.558 0-35.43-15.974-35.43-35.43v-82.79c0-19.558 15.872-35.379 35.379-35.379h82.688c19.661 0 35.533 15.821 35.533 35.379v82.739c0 19.507-15.872 35.482-35.482 35.482z"
        ],
        "attrs": [],
        "isMulticolor": false,
        "isMulticolor2": false,
        "tags": [
          "instagram"
        ],
        "grid": 20
      },
      "attrs": [],
      "properties": {
        "id": 368,
        "order": 27,
        "prevSize": 20,
        "name": "instagram"
      },
      "setIdx": 0,
      "setId": 2,
      "iconIdx": 367
    },
    {
      "icon": {
        "paths": [
          "M256 153.6c0 54.374-36.352 101.171-102.451 101.171-62.208 0-102.349-44.134-102.349-98.509 0-55.808 38.912-105.062 102.4-105.062s101.171 46.592 102.4 102.4zM51.2 972.8v-665.6h204.8v665.6h-204.8z",
          "M358.4 534.733c0-79.104-2.611-145.203-5.222-202.291h184.013l9.114 88.218h3.891c25.907-41.523 89.395-102.4 195.686-102.4 129.638 0 226.918 86.784 226.918 273.51v381.030h-204.8v-351.283c0-81.613-31.078-143.872-102.4-143.872-54.374 0-81.613 44.032-95.898 80.333-5.222 13.005-6.502 31.13-6.502 49.306v365.517h-204.8v-438.067z"
        ],
        "attrs": [
          {},
          {}
        ],
        "isMulticolor": false,
        "isMulticolor2": false,
        "tags": [
          "linkedin"
        ],
        "grid": 20
      },
      "attrs": [
        {},
        {}
      ],
      "properties": {
        "id": 372,
        "order": 31,
        "prevSize": 20,
        "name": "linkedin"
      },
      "setIdx": 0,
      "setId": 2,
      "iconIdx": 371
    },
    {
      "icon": {
        "paths": [
          "M441.19 677.222c-26.931 141.005-59.75 276.173-157.082 346.778-30.003-213.094 44.083-373.094 78.541-542.976-58.726-98.816 7.066-297.574 130.816-248.576 152.32 60.211-131.891 367.206 58.88 405.606 199.219 39.987 280.525-345.6 156.979-470.989-178.432-181.146-519.475-4.25-477.491 255.078 10.189 63.386 75.674 82.586 26.163 170.086-114.227-25.293-148.326-115.405-143.923-235.52 7.066-196.608 176.589-334.182 346.675-353.28 215.091-24.115 416.973 79.002 444.877 281.293 31.386 228.403-97.075 475.802-327.117 457.984-62.362-4.864-88.474-35.789-137.318-65.485z"
        ],
        "attrs": [],
        "isMulticolor": false,
        "isMulticolor2": false,
        "tags": [
          "pinterest"
        ],
        "grid": 20
      },
      "attrs": [],
      "properties": {
        "id": 374,
        "order": 30,
        "prevSize": 20,
        "name": "pinterest"
      },
      "setIdx": 0,
      "setId": 2,
      "iconIdx": 373
    },
    {
      "icon": {
        "paths": [
          "M886.579 319.795c0.41 8.294 0.563 16.691 0.563 24.986 0 255.488-194.406 549.99-549.888 549.99-109.21 0-210.739-32-296.294-86.886 15.155 1.792 30.515 2.714 46.080 2.714 90.624 0 173.926-30.925 240.026-82.688-84.531-1.587-155.955-57.395-180.531-134.195 11.776 2.202 23.91 3.379 36.352 3.379 17.664 0 34.765-2.304 50.944-6.707-88.422-17.818-155.034-95.898-155.034-189.594 0-0.819 0-1.587 0-2.406 26.061 14.49 55.91 23.194 87.552 24.218-51.866-34.714-86.016-93.798-86.016-160.922 0-35.379 9.523-68.608 26.214-97.178 95.283 116.992 237.773 193.894 398.387 201.984-3.277-14.182-4.966-28.877-4.966-44.083 0-106.701 86.477-193.178 193.229-193.178 55.603 0 105.83 23.398 141.107 60.979 43.981-8.704 85.35-24.781 122.726-46.899-14.438 45.107-45.107 82.995-84.992 106.906 39.117-4.71 76.288-15.002 111.002-30.413-25.907 38.81-58.675 72.806-96.461 99.994z"
        ],
        "attrs": [],
        "isMulticolor": false,
        "isMulticolor2": false,
        "tags": [
          "twitter"
        ],
        "grid": 20
      },
      "attrs": [],
      "properties": {
        "id": 381,
        "order": 29,
        "prevSize": 20,
        "name": "twitter"
      },
      "setIdx": 0,
      "setId": 2,
      "iconIdx": 380
    },
    {
      "icon": {
        "paths": [
          "M512 92.2c136.8 0 153 0.6 206.8 3 50 2.2 77 10.6 95 17.6 23.8 9.2 41 20.4 58.8 38.2 18 18 29 35 38.4 58.8 7 18 15.4 45.2 17.6 95 2.4 54 3 70.2 3 206.8s-0.6 153-3 206.8c-2.2 50-10.6 77-17.6 95-9.2 23.8-20.4 41-38.2 58.8-18 18-35 29-58.8 38.4-18 7-45.2 15.4-95 17.6-54 2.4-70.2 3-206.8 3s-153-0.6-206.8-3c-50-2.2-77-10.6-95-17.6-23.8-9.2-41-20.4-58.8-38.2-18-18-29-35-38.4-58.8-7-18-15.4-45.2-17.6-95-2.4-54-3-70.2-3-206.8s0.6-153 3-206.8c2.2-50 10.6-77 17.6-95 9.2-23.8 20.4-41 38.2-58.8 18-18 35-29 58.8-38.4 18-7 45.2-15.4 95-17.6 53.8-2.4 70-3 206.8-3zM512 0c-139 0-156.4 0.6-211 3-54.4 2.4-91.8 11.2-124.2 23.8-33.8 13.2-62.4 30.6-90.8 59.2-28.6 28.4-46 57-59.2 90.6-12.6 32.6-21.4 69.8-23.8 124.2-2.4 54.8-3 72.2-3 211.2s0.6 156.4 3 211c2.4 54.4 11.2 91.8 23.8 124.2 13.2 33.8 30.6 62.4 59.2 90.8 28.4 28.4 57 46 90.6 59 32.6 12.6 69.8 21.4 124.2 23.8 54.6 2.4 72 3 211 3s156.4-0.6 211-3c54.4-2.4 91.8-11.2 124.2-23.8 33.6-13 62.2-30.6 90.6-59s46-57 59-90.6c12.6-32.6 21.4-69.8 23.8-124.2 2.4-54.6 3-72 3-211s-0.6-156.4-3-211c-2.4-54.4-11.2-91.8-23.8-124.2-12.6-34-30-62.6-58.6-91-28.4-28.4-57-46-90.6-59-32.6-12.6-69.8-21.4-124.2-23.8-54.8-2.6-72.2-3.2-211.2-3.2v0z",
          "M512 249c-145.2 0-263 117.8-263 263s117.8 263 263 263 263-117.8 263-263c0-145.2-117.8-263-263-263zM512 682.6c-94.2 0-170.6-76.4-170.6-170.6s76.4-170.6 170.6-170.6c94.2 0 170.6 76.4 170.6 170.6s-76.4 170.6-170.6 170.6z",
          "M846.8 238.6c0 33.91-27.49 61.4-61.4 61.4s-61.4-27.49-61.4-61.4c0-33.91 27.49-61.4 61.4-61.4s61.4 27.49 61.4 61.4z"
        ],
        "tags": [
          "instagram",
          "brand",
          "social"
        ],
        "defaultCode": 60050,
        "grid": 16,
        "attrs": []
      },
      "attrs": [],
      "properties": {
        "ligatures": "instagram, brand12",
        "name": "instagram1",
        "order": 26,
        "id": 403,
        "prevSize": 32
      },
      "setIdx": 1,
      "setId": 1,
      "iconIdx": 402
    }
  ],
  "height": 1024,
  "preferences": {
    "showGlyphs": true,
    "showQuickUse": true,
    "showQuickUse2": true,
    "showSVGs": true,
    "fontPref": {
      "prefix": "icon-",
      "metadata": {
        "fontFamily": "icomoon"
      },
      "metrics": {
        "emSize": 1024,
        "baseline": 6.25,
        "whitespace": 50
      },
      "embed": false
    },
    "imagePref": {
      "prefix": "icon-",
      "png": false,
      "useClassSelector": true,
      "color": 0,
      "bgColor": 16777215,
      "classSelector": ".icon",
      "name": "icomoon",
      "height": 32,
      "columns": 16,
      "margin": 16
    },
    "historySize": 50,
    "showCodes": true,
    "gridSize": 16
  }
}